ID,Size,Total_Transfer_Time,Transfer_Time_Parralelized,Chunking_Time,N,K,Total_Read_Time,Read_Time_Parralelized,Reconstruct_Time
0,0.706456,0.005187,0.000803,inf,10,8,0.004880,0.000788,inf
1,0.391467,0.002874,0.000445,inf,10,8,0.002704,0.000437,inf
4,50629.371094,371.753560,57.533376,1178.758919,10,8,349.760384,56.505995,3596.477387
5,59007.406250,433.270509,67.053871,1373.817310,10,8,407.637951,65.856480,4191.614426
6,0.000385,0.000003,0.000000,0.000009,10,8,0.000003,0.000000,0.000027
8,24.344404,0.178752,0.027664,0.572381,10,8,0.168177,0.027170,1.734522
11,0.702234,0.005156,0.000798,0.016350,10,8,0.004851,0.000784,0.049883
12,0.011613,0.000085,0.000013,0.000270,10,8,0.000080,0.000013,0.000825
13,0.015084,0.000111,0.000017,0.000351,10,8,0.000104,0.000017,0.001072
14,0.002154,0.000016,0.000002,0.000050,10,8,0.000015,0.000002,0.000153
16,0.063653,0.000467,0.000072,0.001482,10,8,0.000440,0.000071,0.004522
18,0.255233,0.001874,0.000290,0.005942,10,8,0.001763,0.000285,0.018131
19,12.375332,0.090868,0.014063,0.290967,10,8,0.085492,0.013812,0.881734
20,0.000378,0.000003,0.000000,0.000009,10,8,0.000003,0.000000,0.000027
22,0.014689,0.000108,0.000017,0.000342,10,8,0.000101,0.000016,0.001043
23,0.000288,0.000002,0.000000,0.000007,10,8,0.000002,0.000000,0.000020
26,180627.671875,1326.285093,205.258718,4205.394511,10,8,1247.821226,201.593384,12830.958065
27,0.009455,0.000069,0.000011,0.000220,10,8,0.000065,0.000011,0.000672
28,1.014138,0.007446,0.001152,0.023611,10,8,0.007006,0.001132,0.072040
31,0.006284,0.000046,0.000007,0.000146,10,8,0.000043,0.000007,0.000446
32,1000.088318,7.343295,1.136464,23.284173,10,8,6.908861,1.116170,71.041669
34,45.951294,0.337404,0.052217,1.078331,10,8,0.317443,0.051285,3.361100
35,0.000001,0.000000,0.000000,0.000000,10,8,0.000000,0.000000,0.000000
36,0.009766,0.000072,0.000011,0.000229,10,8,0.000067,0.000011,0.000714
37,56905.156250,417.834431,64.664950,1324.872481,10,8,393.115081,63.510219,4042.280266
38,0.044900,0.000330,0.000051,0.001045,10,8,0.000310,0.000050,0.003189
39,23.662697,0.173747,0.026889,0.556353,10,8,0.163468,0.026409,1.685951
40,0.222609,0.001635,0.000253,0.005234,10,8,0.001538,0.000248,0.015861
41,3.455428,0.025372,0.003927,0.081243,10,8,0.023871,0.003857,0.246197
42,0.000072,0.000001,0.000000,0.000002,10,8,0.000001,0.000000,0.000005
44,0.000090,0.000001,0.000000,0.000002,10,8,0.000001,0.000000,0.000006
45,0.000198,0.000001,0.000000,0.000005,10,8,0.000001,0.000000,0.000014
46,3451.168213,25.340707,3.921782,80.350501,10,8,23.841535,3.851750,245.155098
47,0.004682,0.000034,0.000005,0.000109,10,8,0.000032,0.000005,0.000333
49,0.003695,0.000027,0.000004,0.000086,10,8,0.000026,0.000004,0.000263
50,0.001874,0.000014,0.000002,0.000044,10,8,0.000013,0.000002,0.000133
51,304.385010,2.234991,0.345892,7.086727,10,8,2.102768,0.339715,21.622109
54,73721.015625,541.307337,83.773881,1716.381279,10,8,509.283252,82.277919,5236.801483
56,79666.226562,584.960918,90.529803,1854.798373,10,8,550.354259,88.913199,5659.121892
57,74793.226562,549.180203,84.992303,1741.344619,10,8,516.690354,83.474583,5312.966411
58,0.471746,0.003464,0.000536,0.010983,10,8,0.003259,0.000527,0.033511
61,0.429507,0.003154,0.000488,0.010000,10,8,0.002967,0.000479,0.030510
63,81833.335938,600.873235,92.992427,1905.253266,10,8,565.325194,91.331848,5813.063363
64,1043.456421,7.661731,1.185746,24.293874,10,8,7.208458,1.164572,74.122339
65,0.048340,0.000355,0.000055,0.001125,10,8,0.000334,0.000054,0.003434
67,26.608343,0.195376,0.030237,0.625611,10,8,0.183817,0.029697,1.895827
71,10.665481,0.078313,0.012120,0.250765,10,8,0.073680,0.011903,0.759908
72,3.247643,0.023846,0.003691,0.076358,10,8,0.022436,0.003625,0.231392
73,4.037049,0.029643,0.004588,0.094918,10,8,0.027889,0.004506,0.287637
76,7.465809,0.054819,0.008484,0.175535,10,8,0.051576,0.008332,0.531934
77,0.000378,0.000003,0.000000,0.000009,10,8,0.000003,0.000000,0.000027
78,2397.142578,17.601370,2.724026,55.810553,10,8,16.560062,2.675382,170.281971
79,87.686806,0.643853,0.099644,2.031964,10,8,0.605762,0.097865,6.193805
81,107.007172,0.785716,0.121599,2.479674,10,8,0.739232,0.119428,7.558509
82,1589.519897,11.671282,1.806273,37.007388,10,8,10.980802,1.774018,112.912174
83,3817.052490,28.027266,4.337560,88.869061,10,8,26.369155,4.260103,271.145832
84,2.382184,0.017492,0.002707,0.055462,10,8,0.016457,0.002659,0.169219
85,0.244124,0.001793,0.000277,0.005684,10,8,0.001686,0.000272,0.017341
87,0.209498,0.001538,0.000238,0.004878,10,8,0.001447,0.000234,0.014882
93,27.014547,0.198358,0.030698,0.635161,10,8,0.186623,0.030150,1.924768
96,17.405254,0.127801,0.019779,0.409229,10,8,0.120240,0.019426,1.240113
97,4.450742,0.032680,0.005058,0.104645,10,8,0.030747,0.004967,0.317112
99,0.005913,0.000043,0.000007,0.000139,10,8,0.000041,0.000007,0.000421
100,0.208012,0.001527,0.000236,0.004891,10,8,0.001437,0.000232,0.014821
101,20.604153,0.151289,0.023414,0.484441,10,8,0.142339,0.022996,1.468032
103,2.091487,0.015357,0.002377,0.048343,10,8,0.014449,0.002334,0.151548
105,120.941620,0.888032,0.137434,2.802577,10,8,0.835495,0.134979,8.542777
106,0.963304,0.007073,0.001095,0.022323,10,8,0.006655,0.001075,0.068043
108,15.096419,0.110848,0.017155,0.354944,10,8,0.104290,0.016849,1.075610
109,0.018649,0.000137,0.000021,0.000438,10,8,0.000129,0.000021,0.001329
110,87589.218750,643.136646,99.533203,2039.262400,10,8,605.088275,97.755824,6221.934774
114,0.021510,0.000158,0.000024,0.000505,10,8,0.000149,0.000024,0.001573
115,75392.687500,553.581832,85.673509,1755.301338,10,8,520.831580,84.143624,5355.549356
116,745098.937500,5470.997900,846.703338,17347.480312,10,8,5147.330196,831.583636,52928.397528
117,16.488413,0.121069,0.018737,0.387673,10,8,0.113906,0.018402,1.174788
118,12.417477,0.091177,0.014111,0.291957,10,8,0.085783,0.013859,0.884737
119,10.621362,0.077989,0.012070,0.249728,10,8,0.073375,0.011854,0.756765
120,3555.364990,26.105787,4.040187,82.776422,10,8,24.561352,3.968041,252.556757
125,0.003654,0.000027,0.000004,0.000085,10,8,0.000025,0.000004,0.000260
126,16.967880,0.124589,0.019282,0.398946,10,8,0.117218,0.018937,1.208950
128,17.684347,0.129850,0.020096,0.415791,10,8,0.122168,0.019737,1.259998
130,1516.994507,11.138754,1.723857,35.318843,10,8,10.479778,1.693074,107.760304
131,10.629360,0.078048,0.012079,0.249916,10,8,0.073430,0.011863,0.757335
132,0.402070,0.002952,0.000457,0.009453,10,8,0.002778,0.000449,0.028647
133,637148.062500,4678.352815,724.031889,14834.155457,10,8,4401.578497,711.102748,45260.064454
134,0.141835,0.001041,0.000161,0.003302,10,8,0.000980,0.000158,0.010075
135,37878.441406,278.127995,43.043683,881.890288,10,8,261.673766,42.275046,2690.710057
136,0.423059,0.003106,0.000481,0.009850,10,8,0.002923,0.000472,0.030052
137,134.040802,0.984214,0.152319,3.106124,10,8,0.925987,0.149599,9.468044
138,17563.453125,128.962223,19.958469,408.914363,10,8,121.332736,19.602068,1247.626835
139,453.276428,3.328248,0.515087,10.553235,10,8,3.131347,0.505889,32.198670
140,0.002432,0.000018,0.000003,0.000057,10,8,0.000017,0.000003,0.000173
141,0.923294,0.006779,0.001049,0.021496,10,8,0.006378,0.001030,0.065587
143,229026.171875,1681.658156,260.257013,5332.214029,10,8,1582.170193,255.609567,16268.964642
145,18.073124,0.132705,0.020538,0.424932,10,8,0.124854,0.020171,1.287698
146,0.049292,0.000362,0.000056,0.001159,10,8,0.000341,0.000055,0.003512
147,7621.796387,55.964154,8.661132,177.451552,10,8,52.653280,8.506469,541.417319
148,0.001032,0.000008,0.000001,0.000024,10,8,0.000007,0.000001,0.000073
149,528.913086,3.883622,0.601038,12.314216,10,8,3.653864,0.590305,37.571550
151,5.442003,0.039959,0.006184,0.126701,10,8,0.037595,0.006074,0.386575
152,5.518858,0.040523,0.006271,0.128491,10,8,0.038126,0.006159,0.392034
153,219399.781250,1610.974975,249.317933,5108.091280,10,8,1515.668674,244.865827,15585.150179
154,9194.812500,67.514255,10.448651,214.074696,10,8,63.520069,10.262068,653.157140
157,229641.203125,1686.174113,260.955913,5346.533258,10,8,1586.418983,256.295986,16312.653630
158,51021.628906,374.633771,57.979124,1187.891511,10,8,352.470199,56.943782,3624.341576
159,445.798065,3.273337,0.506589,10.379123,10,8,3.079685,0.497542,31.667442
160,0.049210,0.000361,0.000056,0.001146,10,8,0.000340,0.000055,0.003496
161,0.003838,0.000028,0.000004,0.000089,10,8,0.000027,0.000004,0.000273
162,0.015760,0.000116,0.000018,0.000367,10,8,0.000109,0.000018,0.001120
165,0.000540,0.000004,0.000001,0.000013,10,8,0.000004,0.000001,0.000038
166,432.141479,3.173062,0.491070,10.061168,10,8,2.985342,0.482301,30.697341
169,260.583618,1.913373,0.296118,6.023222,10,8,1.800177,0.290830,18.881713
170,0.001494,0.000011,0.000002,0.000035,10,8,0.000010,0.000002,0.000108
172,3.930540,0.028861,0.004467,0.090852,10,8,0.027153,0.004387,0.284804
173,0.000132,0.000001,0.000000,0.000003,10,8,0.000001,0.000000,0.000010
175,0.000119,0.000001,0.000000,0.000003,10,8,0.000001,0.000000,0.000009
176,2485.687500,18.251524,2.824645,57.872066,10,8,17.171752,2.774205,176.571794
177,269.901886,1.981794,0.306707,6.238608,10,8,1.864550,0.301230,19.556908
179,0.002728,0.000020,0.000003,0.000063,10,8,0.000019,0.000003,0.000193
180,0.000009,0.000000,0.000000,0.000000,10,8,0.000000,0.000000,0.000001
181,0.003777,0.000028,0.000004,0.000088,10,8,0.000026,0.000004,0.000267
183,2.263358,0.016619,0.002572,0.052449,10,8,0.015636,0.002526,0.159874
184,22.378557,0.164318,0.025430,0.526161,10,8,0.154597,0.024976,1.594457
185,3479.346191,25.547608,3.953802,81.006544,10,8,24.036195,3.883199,247.156732
187,26686.119141,195.946732,30.325135,621.309336,10,8,184.354399,29.783615,1895.659021
188,0.208573,0.001531,0.000237,0.004856,10,8,0.001441,0.000233,0.014816
191,3479.863770,25.551409,3.954391,81.018594,10,8,24.039771,3.883777,247.193498
193,0.000516,0.000004,0.000001,0.000012,10,8,0.000004,0.000001,0.000037
194,0.018806,0.000138,0.000021,0.000442,10,8,0.000130,0.000021,0.001340
195,14.015666,0.102912,0.015927,0.329534,10,8,0.096824,0.015642,0.998607
198,0.074909,0.000550,0.000085,0.001744,10,8,0.000517,0.000084,0.005321
199,466.193542,3.423094,0.529765,10.853972,10,8,3.220582,0.520305,33.116243
200,0.253876,0.001864,0.000288,0.005911,10,8,0.001754,0.000283,0.018034
202,0.000465,0.000003,0.000001,0.000011,10,8,0.000003,0.000001,0.000033
203,203.204041,1.492055,0.230914,4.696930,10,8,1.403784,0.226790,14.724028
204,0.000122,0.000001,0.000000,0.000003,10,8,0.000001,0.000000,0.000009
205,101.571136,0.745801,0.115422,2.353705,10,8,0.701679,0.113361,7.174532
206,6286.089355,46.156530,7.143283,146.353465,10,8,43.425881,7.015725,446.534842
207,356826.343750,2620.049605,405.484482,8307.672527,10,8,2465.045810,398.243687,25347.300365
208,0.059158,0.000434,0.000067,0.001377,10,8,0.000409,0.000066,0.004202
209,639.942627,4.698872,0.727208,14.899219,10,8,4.420884,0.714222,45.458577
210,17.725325,0.130151,0.020142,0.416755,10,8,0.122451,0.019783,1.262917
211,229833.562500,1687.586540,261.174503,5351.011792,10,8,1587.747850,256.510672,16326.317955
213,11.859482,0.087080,0.013477,0.278838,10,8,0.081928,0.013236,0.844980
214,0.004286,0.000031,0.000005,0.000101,10,8,0.000030,0.000005,0.000305
216,2.054760,0.015087,0.002335,0.048311,10,8,0.014195,0.002293,0.146400
217,0.000134,0.000001,0.000000,0.000003,10,8,0.000001,0.000000,0.000010
218,16.199196,0.118945,0.018408,0.380873,10,8,0.111908,0.018079,1.154182
219,0.021508,0.000158,0.000024,0.000506,10,8,0.000149,0.000024,0.001532
221,28.596247,0.209972,0.032496,0.672350,10,8,0.197550,0.031915,2.037463
222,0.000301,0.000002,0.000000,0.000007,10,8,0.000002,0.000000,0.000021
223,17.712984,0.130060,0.020128,0.416465,10,8,0.122366,0.019769,1.262038
224,785.255127,5.765851,0.892335,18.282401,10,8,5.424739,0.876401,55.780908
226,0.608849,0.004471,0.000692,0.014175,10,8,0.004206,0.000680,0.043250
227,0.006306,0.000046,0.000007,0.000147,10,8,0.000044,0.000007,0.000448
229,3.901324,0.028646,0.004433,0.090831,10,8,0.026951,0.004354,0.277132
230,70058.843750,514.417304,79.612322,1631.118166,10,8,483.984051,78.190674,4976.657657
232,63.755154,0.468132,0.072449,1.496131,10,8,0.440437,0.071155,4.663360
234,2363.997559,17.357998,2.686361,55.038867,10,8,16.331088,2.638390,167.927501
235,28989.296875,212.858151,32.942383,674.932189,10,8,200.265328,32.354126,2059.266162
236,0.000744,0.000005,0.000001,0.000017,10,8,0.000005,0.000001,0.000053
237,226161.390625,1660.623081,257.001580,5265.515858,10,8,1562.379567,252.412266,16065.463774
240,0.465053,0.003415,0.000528,0.010827,10,8,0.003213,0.000519,0.033035
244,37812.292969,277.642290,42.968515,880.350212,10,8,261.216796,42.201220,2686.011176
247,3923.222168,28.806832,4.458207,91.340916,10,8,27.102602,4.378596,278.687637
248,0.000749,0.000005,0.000001,0.000017,10,8,0.000005,0.000001,0.000053
249,39.919510,0.293115,0.045363,0.936784,10,8,0.275774,0.044553,2.919906
251,16.876219,0.123916,0.019178,0.396791,10,8,0.116585,0.018835,1.202419
252,0.000103,0.000001,0.000000,0.000002,10,8,0.000001,0.000000,0.000007
253,223844.718750,1643.612579,254.368999,5211.578833,10,8,1546.375417,249.826695,15900.898072
254,0.046736,0.000343,0.000053,0.001088,10,8,0.000323,0.000052,0.003320
255,9362.594727,68.746221,10.639312,217.981022,10,8,64.679151,10.449324,665.075617
257,2.240026,0.016448,0.002545,0.052153,10,8,0.015475,0.002500,0.159121
259,0.001458,0.000011,0.000002,0.000034,10,8,0.000010,0.000002,0.000104
261,0.001048,0.000008,0.000001,0.000024,10,8,0.000007,0.000001,0.000074
263,0.000784,0.000006,0.000001,0.000018,10,8,0.000005,0.000001,0.000056
265,479.188324,3.518510,0.544532,11.156518,10,8,3.310353,0.534808,34.039332
266,222093.234375,1630.752049,252.378675,5170.800570,10,8,1534.275724,247.871913,15776.480687
268,18.342617,0.134683,0.020844,0.431268,10,8,0.126715,0.020472,1.306899
270,0.000906,0.000007,0.000001,0.000021,10,8,0.000006,0.000001,0.000065
271,0.000479,0.000004,0.000001,0.000011,10,8,0.000003,0.000001,0.000034
272,1.501031,0.011022,0.001706,0.035292,10,8,0.010369,0.001675,0.106947
273,4555.191406,33.447159,5.176354,106.054497,10,8,31.468404,5.083919,323.579822
274,0.004032,0.000030,0.000005,0.000094,10,8,0.000028,0.000005,0.000286
275,0.000478,0.000004,0.000001,0.000011,10,8,0.000003,0.000001,0.000034
276,333.130890,2.446062,0.378558,7.755992,10,8,2.301352,0.371798,23.664084
278,0.000690,0.000005,0.000001,0.000016,10,8,0.000005,0.000001,0.000049
279,0.000117,0.000001,0.000000,0.000003,10,8,0.000001,0.000000,0.000008
282,0.000100,0.000001,0.000000,0.000002,10,8,0.000001,0.000000,0.000007
283,565.916748,4.155326,0.643087,13.175740,10,8,3.909495,0.631604,40.200120
284,10.962359,0.080493,0.012457,0.257745,10,8,0.075731,0.012235,0.781061
285,0.000000,0.000000,0.000000,0.000000,10,8,0.000000,0.000000,0.000000
288,23360.746094,171.529694,26.546302,543.887613,10,8,161.381889,26.072261,1659.439832
291,7.863306,0.057737,0.008936,0.184881,10,8,0.054322,0.008776,0.560255
292,18.344072,0.134694,0.020846,0.431303,10,8,0.126725,0.020473,1.307003
293,589.768188,4.330459,0.670191,13.731052,10,8,4.074266,0.658223,41.894416
294,0.022696,0.000167,0.000026,0.000528,10,8,0.000157,0.000025,0.001612
295,0.004046,0.000030,0.000005,0.000094,10,8,0.000028,0.000005,0.000287
297,0.034290,0.000252,0.000039,0.000793,10,8,0.000237,0.000038,0.002485
298,394.913574,2.899711,0.448765,9.194424,10,8,2.728162,0.440752,28.052842
299,0.000116,0.000001,0.000000,0.000003,10,8,0.000001,0.000000,0.000008
301,0.001307,0.000010,0.000001,0.000030,10,8,0.000009,0.000001,0.000093
304,0.556953,0.004090,0.000633,0.012967,10,8,0.003848,0.000622,0.039563
306,1.083839,0.007958,0.001232,0.025483,10,8,0.007487,0.001210,0.077223
307,17.620956,0.129384,0.020024,0.414301,10,8,0.121730,0.019666,1.255481
311,0.000089,0.000001,0.000000,0.000002,10,8,0.000001,0.000000,0.000006
312,66.859055,0.490922,0.075976,1.568970,10,8,0.461879,0.074619,4.890394
314,0.215027,0.001579,0.000244,0.005046,10,8,0.001485,0.000240,0.015728
315,107814.335938,791.642527,122.516291,2510.145936,10,8,744.808453,120.328500,7658.633967
316,205963.484375,1512.317001,234.049414,4795.265850,10,8,1422.847368,229.869960,14630.697520
318,5.305224,0.038954,0.006029,0.124497,10,8,0.036650,0.005921,0.388050
319,17.789772,0.130624,0.020216,0.418270,10,8,0.122896,0.019855,1.267509
320,3003.106689,22.050750,3.412621,69.918680,10,8,20.746214,3.351682,213.326871
321,0.503778,0.003699,0.000572,0.011729,10,8,0.003480,0.000562,0.035786
322,0.000130,0.000001,0.000000,0.000003,10,8,0.000001,0.000000,0.000009
324,0.000093,0.000001,0.000000,0.000002,10,8,0.000001,0.000000,0.000007
325,0.021506,0.000158,0.000024,0.000501,10,8,0.000149,0.000024,0.001528
326,21.974674,0.161352,0.024971,0.516665,10,8,0.151807,0.024525,1.565681
328,10.741219,0.078869,0.012206,0.252546,10,8,0.074203,0.011988,0.765305
329,14.661916,0.107657,0.016661,0.344728,10,8,0.101288,0.016364,1.044652
331,204.805374,1.503813,0.232733,4.733944,10,8,1.414847,0.228577,14.840059
332,55.666142,0.408737,0.063257,1.306308,10,8,0.384556,0.062127,4.071690
333,16.028812,0.117694,0.018215,0.376867,10,8,0.110731,0.017889,1.142042
334,0.052576,0.000386,0.000060,0.001236,10,8,0.000363,0.000059,0.003746
336,51710.472656,379.691707,58.761901,1203.929252,10,8,357.228905,57.712581,3673.273864
338,3689.768311,27.092663,4.192919,85.905616,10,8,25.489844,4.118045,262.104150
339,51611.707031,378.966506,58.649667,1201.629779,10,8,356.546607,57.602352,3666.258009
340,4.945666,0.036314,0.005620,0.115146,10,8,0.034166,0.005520,0.351317
341,2086.879639,15.323219,2.371454,48.586975,10,8,14.416688,2.329107,148.242320
343,0.043949,0.000323,0.000050,0.001031,10,8,0.000304,0.000049,0.003215
345,272.266632,1.999158,0.309394,6.293268,10,8,1.880886,0.303869,19.728256
347,37748.777344,277.175917,42.896338,878.871434,10,8,260.778014,42.130332,2681.499319
349,0.172017,0.001263,0.000195,0.004005,10,8,0.001188,0.000192,0.012219
350,0.767169,0.005633,0.000872,0.017861,10,8,0.005300,0.000856,0.054496
351,0.126391,0.000928,0.000144,0.002943,10,8,0.000873,0.000141,0.008978
352,4461.831543,32.761651,5.070263,103.880882,10,8,30.823451,4.979723,316.947967
353,53621.257812,393.721926,60.933248,1248.416374,10,8,370.429087,59.845154,3809.007243
354,938.655029,6.892212,1.066653,21.853876,10,8,6.484464,1.047606,66.677731
355,43.742287,0.321184,0.049707,1.026493,10,8,0.302183,0.048820,3.199522
356,0.000129,0.000001,0.000000,0.000003,10,8,0.000001,0.000000,0.000009
358,919.866089,6.754251,1.045302,21.416430,10,8,6.354665,1.026636,65.343051
359,234722.203125,1723.482098,266.729776,5464.829692,10,8,1621.519805,261.966745,16673.584474
362,2.296612,0.016863,0.002610,0.053470,10,8,0.015866,0.002563,0.163141
364,2.283270,0.016765,0.002595,0.053159,10,8,0.015773,0.002548,0.162193
365,2.262354,0.016612,0.002571,0.052672,10,8,0.015629,0.002525,0.160707
366,1.267154,0.009304,0.001440,0.029502,10,8,0.008754,0.001414,0.090013
368,0.000377,0.000003,0.000000,0.000009,10,8,0.000003,0.000000,0.000027
369,0.008411,0.000062,0.000010,0.000198,10,8,0.000058,0.000009,0.000599
370,0.000105,0.000001,0.000000,0.000002,10,8,0.000001,0.000000,0.000007
371,140.935532,1.034840,0.160154,3.265895,10,8,0.973618,0.157294,9.955057
372,416.489441,3.058135,0.473283,9.696756,10,8,2.877213,0.464832,29.585492
373,16.706314,0.122669,0.018984,0.392796,10,8,0.115411,0.018645,1.190314
374,0.079654,0.000585,0.000091,0.001873,10,8,0.000550,0.000089,0.005675
375,348233.937500,2556.958606,395.720384,8107.623123,10,8,2405.687314,388.653948,24736.935391
376,0.000006,0.000000,0.000000,0.000000,10,8,0.000000,0.000000,0.000000
377,637.035583,4.677527,0.723904,14.831537,10,8,4.400801,0.710977,45.252074
379,0.678907,0.004985,0.000771,0.015932,10,8,0.004690,0.000758,0.049659
380,5.204551,0.038215,0.005914,0.122134,10,8,0.035954,0.005809,0.380686
381,17.414181,0.127866,0.019789,0.409439,10,8,0.120302,0.019435,1.240749
383,224611.687500,1649.244159,255.240554,5229.435489,10,8,1551.673829,250.682687,15955.380000
384,1662556.750000,12207.566042,1889.269034,38707.840042,10,8,11485.358696,1855.532087,118100.375867
387,5.458222,0.040078,0.006203,0.127079,10,8,0.037707,0.006092,0.387727
388,383595.343750,2816.604902,435.903800,8930.911505,10,8,2649.972771,428.119803,27248.846860
389,2526.750000,18.553031,2.871307,58.828088,10,8,17.455422,2.820033,179.488685
390,352.452942,2.587937,0.400515,8.205850,10,8,2.434833,0.393363,25.036634
391,995.444336,7.309196,1.131187,23.176051,10,8,6.876779,1.110987,70.711782
392,202418.781250,1486.289500,230.021342,4712.737659,10,8,1398.359671,225.913818,14378.898133
394,0.000197,0.000001,0.000000,0.000005,10,8,0.000001,0.000000,0.000014
395,51587.910156,378.791774,58.622625,1201.075737,10,8,356.382212,57.575793,3664.567588
396,0.484815,0.003560,0.000551,0.011288,10,8,0.003349,0.000541,0.034439
397,4.033488,0.029616,0.004584,0.093908,10,8,0.027864,0.004502,0.286520
399,1.380458,0.010136,0.001569,0.032140,10,8,0.009537,0.001541,0.098061
401,0.000126,0.000001,0.000000,0.000003,10,8,0.000001,0.000000,0.000009
402,323.984009,2.378900,0.368164,7.543033,10,8,2.238163,0.361589,23.014332
403,0.004560,0.000033,0.000005,0.000106,10,8,0.000031,0.000005,0.000324
404,0.000107,0.000001,0.000000,0.000002,10,8,0.000001,0.000000,0.000008
407,0.005344,0.000039,0.000006,0.000124,10,8,0.000037,0.000006,0.000380
409,0.000137,0.000001,0.000000,0.000003,10,8,0.000001,0.000000,0.000010
410,342493.781250,2514.810669,389.197479,7973.980136,10,8,2366.032876,382.247524,24329.181123
411,252835.031250,1856.478187,287.312536,5886.534668,10,8,1746.647761,282.181955,17960.236379
412,0.116364,0.000854,0.000132,0.002709,10,8,0.000804,0.000130,0.008266
413,9566.305664,70.241998,10.870802,222.723844,10,8,66.086437,10.676680,679.546304
414,335721.656250,2465.085351,381.501882,7816.310733,10,8,2319.249339,374.689348,23848.120547
415,6.123244,0.044961,0.006958,0.143969,10,8,0.042301,0.006834,0.436277
416,338726.187500,2487.146561,384.916122,7886.262579,10,8,2340.005394,378.042620,24061.548612
417,18.168274,0.133403,0.020646,0.427169,10,8,0.125511,0.020277,1.294477
419,0.000082,0.000001,0.000000,0.000002,10,8,0.000001,0.000000,0.000006
420,0.000005,0.000000,0.000000,0.000000,10,8,0.000000,0.000000,0.000000
423,53649.859375,393.931937,60.965749,1249.082279,10,8,370.626674,59.877075,3811.038966
424,1205.299927,8.850091,1.369659,28.061933,10,8,8.326514,1.345201,85.618957
426,16.250650,0.119323,0.018467,0.382082,10,8,0.112264,0.018137,1.157848
427,61436.917969,451.109554,69.814680,1430.381485,10,8,424.421627,68.567989,4364.195751
428,917.646912,6.737957,1.042781,21.364762,10,8,6.339335,1.024159,65.185411
429,42.370766,0.311114,0.048149,0.994307,10,8,0.292708,0.047289,3.099202
430,48.054153,0.352845,0.054607,1.127679,10,8,0.331970,0.053632,3.514913
431,0.021512,0.000158,0.000024,0.000505,10,8,0.000149,0.000024,0.001573
432,0.007815,0.000057,0.000009,0.000183,10,8,0.000054,0.000009,0.000572
433,0.000141,0.000001,0.000000,0.000003,10,8,0.000001,0.000000,0.000010
434,0.000093,0.000001,0.000000,0.000002,10,8,0.000001,0.000000,0.000007
435,5.467216,0.040144,0.006213,0.128298,10,8,0.037769,0.006102,0.399899
436,352010.875000,2584.691322,400.012358,8195.558222,10,8,2431.779345,392.869280,25005.231639
437,218773.765625,1606.378364,248.606552,5093.516312,10,8,1511.344002,244.167149,15540.680912
441,1.096266,0.008049,0.001246,0.025523,10,8,0.007573,0.001224,0.077874
442,236980.796875,1740.066153,269.296360,5517.414535,10,8,1637.122737,264.487497,16834.024573
444,63.608765,0.467057,0.072283,1.492696,10,8,0.439425,0.070992,4.652652
445,84.008194,0.616842,0.095464,1.946719,10,8,0.580350,0.093759,5.933964
446,1.474715,0.010828,0.001676,0.034174,10,8,0.010188,0.001646,0.104167
447,0.041770,0.000307,0.000047,0.000968,10,8,0.000289,0.000047,0.002950
449,0.000074,0.000001,0.000000,0.000002,10,8,0.000001,0.000000,0.000005
450,222143.453125,1631.120787,252.435742,5171.969769,10,8,1534.622647,247.927961,15780.047996
451,0.000101,0.000001,0.000000,0.000002,10,8,0.000001,0.000000,0.000007
452,0.000718,0.000005,0.000001,0.000017,10,8,0.000005,0.000001,0.000051
453,353.660950,2.596807,0.401887,8.233975,10,8,2.443178,0.394711,25.122445
454,0.050941,0.000374,0.000058,0.001186,10,8,0.000352,0.000057,0.003619
456,0.000377,0.000003,0.000000,0.000009,10,8,0.000003,0.000000,0.000027
457,347518.750000,2551.707237,394.907670,8090.972044,10,8,2400.746620,387.855748,24686.131764
459,46755.128906,343.306371,53.130828,1088.558361,10,8,322.996148,52.182064,3321.269062
460,37667.152344,276.576574,42.803582,876.971031,10,8,260.214128,42.039233,2675.701055
462,4816.228027,35.363859,5.472986,112.131982,10,8,33.271710,5.375254,342.122662
463,0.000059,0.000000,0.000000,0.000001,10,8,0.000000,0.000000,0.000004
465,0.000381,0.000003,0.000000,0.000009,10,8,0.000003,0.000000,0.000027
466,146904.203125,1078.665592,166.936594,3420.240780,10,8,1014.851052,163.955584,10435.398133
469,10788.030273,79.212690,12.259125,251.168178,10,8,74.526417,12.040212,766.331994
470,3406.768066,25.014693,3.871327,79.316771,10,8,23.534808,3.802197,242.001116
471,13487.672852,99.035210,15.326901,314.021571,10,8,93.176224,15.053206,958.102172
472,1293.091064,9.494710,1.469422,30.105897,10,8,8.932997,1.443182,91.855235
473,8894.966797,65.312594,10.107917,207.093654,10,8,61.448660,9.927418,631.857482
475,360116.312500,2644.206682,409.223082,8384.269963,10,8,2487.773738,401.915527,25581.004595
476,2920.830811,21.446627,3.319126,68.003123,10,8,20.177831,3.259856,207.482371
477,0.039373,0.000289,0.000045,0.000917,10,8,0.000272,0.000044,0.002797
478,48.727783,0.357791,0.055372,1.143486,10,8,0.336624,0.054384,3.564185
480,0.492687,0.003618,0.000560,0.011471,10,8,0.003404,0.000550,0.034998
481,0.079158,0.000581,0.000090,0.001843,10,8,0.000547,0.000088,0.005623
482,0.000108,0.000001,0.000000,0.000003,10,8,0.000001,0.000000,0.000008
483,301.233948,2.211854,0.342311,7.013364,10,8,2.081000,0.336199,21.398273
484,331520.187500,2434.235453,376.727486,7718.491647,10,8,2290.224540,370.000209,23549.667553
487,16.094902,0.118179,0.018290,0.378420,10,8,0.111188,0.017963,1.146751
488,45.079224,0.331001,0.051226,1.057866,10,8,0.311419,0.050312,3.297312
489,15.578442,0.114387,0.017703,0.366278,10,8,0.107620,0.017387,1.109954
491,0.000138,0.000001,0.000000,0.000003,10,8,0.000001,0.000000,0.000010
494,10.449954,0.076730,0.011875,0.245697,10,8,0.072191,0.011663,0.744552
495,1.139938,0.008370,0.001295,0.026802,10,8,0.007875,0.001272,0.081220
496,1.891031,0.013885,0.002149,0.044462,10,8,0.013064,0.002111,0.134735
499,0.000120,0.000001,0.000000,0.000003,10,8,0.000001,0.000000,0.000009
501,181.682358,1.334029,0.206457,4.199471,10,8,1.255107,0.202770,13.164581
502,66.086418,0.485249,0.075098,1.550839,10,8,0.456542,0.073757,4.833880
504,6846.725586,50.273084,7.780370,159.406263,10,8,47.298896,7.641435,486.359858
505,589.740784,4.330258,0.670160,13.730414,10,8,4.074077,0.658193,41.892470
506,46.140060,0.338790,0.052432,1.082761,10,8,0.318747,0.051496,3.374907
507,249.616669,1.832847,0.283655,5.769728,10,8,1.724415,0.278590,18.087055
508,0.000342,0.000003,0.000000,0.000008,10,8,0.000002,0.000000,0.000025
510,1020.172363,7.490765,1.159287,23.751772,10,8,7.047606,1.138585,72.468347
511,7.734765,0.056794,0.008790,0.181858,10,8,0.053434,0.008633,0.551097
512,19.010345,0.139586,0.021603,0.446968,10,8,0.131328,0.021217,1.354474
513,16.272024,0.119480,0.018491,0.382585,10,8,0.112411,0.018161,1.159371
514,129.102524,0.947954,0.146707,2.991689,10,8,0.891873,0.144088,9.119226
520,0.000187,0.000001,0.000000,0.000004,10,8,0.000001,0.000000,0.000013
521,0.000257,0.000002,0.000000,0.000006,10,8,0.000002,0.000000,0.000018
524,16.800503,0.123360,0.019091,0.395010,10,8,0.116062,0.018751,1.197025
525,0.000238,0.000002,0.000000,0.000006,10,8,0.000002,0.000000,0.000017
526,205.530106,1.509135,0.233557,4.750696,10,8,1.419853,0.229386,14.892573
527,5.701771,0.041866,0.006479,0.131793,10,8,0.039389,0.006364,0.413146
529,0.000106,0.000001,0.000000,0.000002,10,8,0.000001,0.000000,0.000008
530,248226.046875,1822.636046,282.075053,5779.227757,10,8,1714.807742,277.037999,17632.835352
531,11667.956055,85.673673,13.259041,271.654713,10,8,80.605165,13.022272,828.837870
533,46202.152344,339.246059,52.502446,1075.683896,10,8,319.176047,51.564902,3281.988153
537,5.726300,0.042046,0.006507,0.134378,10,8,0.039559,0.006391,0.418849
539,10.679261,0.078414,0.012136,0.251089,10,8,0.073775,0.011919,0.760890
540,4.721944,0.034672,0.005366,0.111022,10,8,0.032620,0.005270,0.336435
541,195632.843750,1436.462761,222.310050,4554.746671,10,8,1351.480714,218.340227,13896.856380
543,0.399680,0.002935,0.000454,0.009305,10,8,0.002761,0.000446,0.028391
544,37612.824219,276.177662,42.741846,875.706158,10,8,259.838816,41.978598,2671.841835
548,23.005939,0.168924,0.026143,0.540912,10,8,0.158931,0.025676,1.639158
552,5.075695,0.037269,0.005768,0.118173,10,8,0.035064,0.005665,0.360554
553,3.624547,0.026614,0.004119,0.084387,10,8,0.025039,0.004045,0.257471
555,2.479032,0.018203,0.002817,0.058287,10,8,0.017126,0.002767,0.176629
557,260.896881,1.915673,0.296474,6.030463,10,8,1.802341,0.291180,18.904412
558,0.637571,0.004681,0.000725,0.014737,10,8,0.004405,0.000712,0.046198
559,0.607488,0.004461,0.000690,0.014042,10,8,0.004197,0.000678,0.044018
561,1.992103,0.014627,0.002264,0.046046,10,8,0.013762,0.002223,0.144346
564,16.851511,0.123735,0.019149,0.396210,10,8,0.116414,0.018807,1.200659
565,5.012423,0.036804,0.005696,0.117851,10,8,0.034627,0.005594,0.357132
566,2108.188721,15.479684,2.395669,49.083096,10,8,14.563896,2.352889,149.756019
567,7040.491699,51.695840,8.000559,163.917548,10,8,48.637481,7.857692,500.124111
568,0.429225,0.003152,0.000488,0.009993,10,8,0.002965,0.000479,0.030490
569,232028.859375,1703.705828,263.669158,5402.122949,10,8,1602.913511,258.960781,16482.261736
571,358644.781250,2633.401749,407.550888,8350.009601,10,8,2477.608032,400.273193,25476.473791
572,353583.187500,2596.236256,401.799077,8232.164985,10,8,2442.641274,394.624093,25116.921479
573,4.873349,0.035783,0.005538,0.113462,10,8,0.033666,0.005439,0.346180
574,370457.437500,2720.137904,420.974361,8625.033240,10,8,2559.212822,413.456961,26315.590497
577,171380.234375,1258.384431,194.750266,3990.094593,10,8,1183.937610,191.272583,12174.062687
578,2651.639893,19.470054,3.013227,61.735789,10,8,18.318193,2.959420,188.360288
581,571.643066,4.197373,0.649594,13.309061,10,8,3.949054,0.637994,40.606891
582,6284.910645,46.147875,7.141944,146.326022,10,8,43.417738,7.014409,446.451112
583,305.251007,2.241350,0.346876,7.106890,10,8,2.108750,0.340682,21.683626
584,0.094456,0.000694,0.000107,0.002199,10,8,0.000653,0.000105,0.006710
585,200485.937500,1472.097312,227.824929,4667.736966,10,8,1385.007102,223.756627,14241.597813
586,0.557466,0.004093,0.000633,0.012979,10,8,0.003851,0.000622,0.039600
587,223.055344,1.637816,0.253472,5.155781,10,8,1.540922,0.248946,16.162440
589,1.414151,0.010384,0.001607,0.032924,10,8,0.009769,0.001578,0.100455
590,47035.531250,345.365266,53.449467,1095.086721,10,8,324.933238,52.495013,3341.187553
593,16.782526,0.123228,0.019071,0.394588,10,8,0.115938,0.018730,1.195744
594,1.156772,0.008494,0.001315,0.027198,10,8,0.007991,0.001291,0.082419
595,0.000245,0.000002,0.000000,0.000006,10,8,0.000002,0.000000,0.000017
596,1198.282471,8.798564,1.361685,27.898552,10,8,8.278036,1.337369,85.120469
598,0.003269,0.000024,0.000004,0.000076,10,8,0.000023,0.000004,0.000232
601,0.000104,0.000001,0.000000,0.000002,10,8,0.000001,0.000000,0.000007
603,0.535283,0.003930,0.000608,0.012463,10,8,0.003698,0.000597,0.038024
604,0.500828,0.003677,0.000569,0.011660,10,8,0.003460,0.000559,0.035576
605,0.292979,0.002151,0.000333,0.006821,10,8,0.002024,0.000327,0.020812
607,132.691010,0.974303,0.150785,3.074845,10,8,0.916663,0.148093,9.372701
612,0.001318,0.000010,0.000001,0.000031,10,8,0.000009,0.000001,0.000093
613,0.001672,0.000012,0.000002,0.000039,10,8,0.000012,0.000002,0.000118
616,0.001359,0.000010,0.000002,0.000032,10,8,0.000009,0.000002,0.000097
619,1051.363647,7.719791,1.194731,24.477971,10,8,7.263084,1.173397,74.684032
620,0.000000,0.000000,0.000000,0.000000,10,8,0.000000,0.000000,0.000000
621,1010.329529,7.418492,1.148102,23.522610,10,8,6.979610,1.127600,71.769157
622,987.717468,7.252460,1.122406,22.996153,10,8,6.823400,1.102363,70.162901
624,230.908752,1.695481,0.262396,5.337307,10,8,1.595176,0.257711,16.731492
626,5.165934,0.037932,0.005870,0.120274,10,8,0.035688,0.005766,0.366964
627,1.656720,0.012165,0.001883,0.038572,10,8,0.011445,0.001849,0.117686
629,76.430725,0.561204,0.086853,1.771127,10,8,0.528003,0.085302,5.398726
631,1712.846069,12.576823,1.946416,39.878682,10,8,11.832770,1.911659,121.672698
634,13.695436,0.100561,0.015563,0.322005,10,8,0.094612,0.015285,0.975791
635,0.014317,0.000105,0.000016,0.000337,10,8,0.000099,0.000016,0.001020
637,1.894767,0.013913,0.002153,0.044114,10,8,0.013090,0.002115,0.134596
638,0.257460,0.001890,0.000293,0.005994,10,8,0.001779,0.000287,0.018289
640,0.000093,0.000001,0.000000,0.000002,10,8,0.000001,0.000000,0.000007
641,2.260386,0.016597,0.002569,0.053146,10,8,0.015615,0.002523,0.161051
642,563.719360,4.139192,0.640590,13.124580,10,8,3.894315,0.629151,40.044028
643,2412966.500000,17717.559359,2742.007386,56178.967309,10,8,16669.377315,2693.042969,171406.029059
646,0.000239,0.000002,0.000000,0.000006,10,8,0.000002,0.000000,0.000017
647,0.000732,0.000005,0.000001,0.000017,10,8,0.000005,0.000001,0.000052
648,0.000059,0.000000,0.000000,0.000001,10,8,0.000000,0.000000,0.000004
650,13.431138,0.098620,0.015263,0.315791,10,8,0.092786,0.014990,0.956960
651,0.116952,0.000859,0.000133,0.002750,10,8,0.000808,0.000131,0.008333
652,92.356506,0.678141,0.104951,2.140175,10,8,0.638022,0.103076,6.523652
653,65.531761,0.481177,0.074468,1.537823,10,8,0.452710,0.073138,4.793310
654,1914.617065,14.058356,2.175701,44.576338,10,8,13.226655,2.136849,136.005580
655,200.644531,1.473262,0.228005,4.637769,10,8,1.386103,0.223934,14.538567
656,161.625137,1.186756,0.183665,3.735861,10,8,1.116547,0.180385,11.711248
657,0.228171,0.001675,0.000259,0.005274,10,8,0.001576,0.000255,0.016533
658,572.750000,4.205501,0.650852,13.334832,10,8,3.956701,0.639230,40.685523
659,0.130593,0.000959,0.000148,0.003040,10,8,0.000902,0.000146,0.009277
665,13.777968,0.101167,0.015657,0.323945,10,8,0.095182,0.015377,0.981671
666,0.012696,0.000093,0.000014,0.000299,10,8,0.000088,0.000014,0.000905
669,7.093507,0.052085,0.008061,0.166781,10,8,0.049004,0.007917,0.505408
671,4.960806,0.036425,0.005637,0.116638,10,8,0.034270,0.005537,0.353454
674,0.000576,0.000004,0.000001,0.000014,10,8,0.000004,0.000001,0.000041
675,47016.574219,345.226071,53.427925,1094.645361,10,8,324.802278,52.473855,3339.840933
676,16.949883,0.124457,0.019261,0.398523,10,8,0.117094,0.018917,1.207668
677,0.090904,0.000667,0.000103,0.002137,10,8,0.000628,0.000101,0.006477
678,59097.335938,433.930831,67.156064,1375.911064,10,8,408.259208,65.956848,4198.002617
679,17.074675,0.125373,0.019403,0.401457,10,8,0.117956,0.019057,1.216559
680,1.246636,0.009154,0.001417,0.029311,10,8,0.008612,0.001391,0.088822
681,0.043202,0.000317,0.000049,0.001016,10,8,0.000298,0.000048,0.003078
682,0.058672,0.000431,0.000067,0.001379,10,8,0.000405,0.000065,0.004180
688,230728.875000,1694.160503,262.191903,5371.856562,10,8,1593.932893,257.509905,16389.916832
690,18168.515625,133.404983,20.646040,423.001499,10,8,125.512659,20.277361,1290.607689
693,0.000300,0.000002,0.000000,0.000007,10,8,0.000002,0.000000,0.000021
695,2791.191406,20.494731,3.171808,64.984844,10,8,19.282250,3.115169,198.273385
697,5626.538086,41.313679,6.393793,130.997716,10,8,38.869535,6.279618,399.683357
698,0.000477,0.000004,0.000001,0.000011,10,8,0.000003,0.000001,0.000034
700,6.945052,0.050995,0.007892,0.163291,10,8,0.047978,0.007751,0.494830
705,2500.701172,18.361764,2.841706,58.221616,10,8,17.275470,2.790961,177.638296
707,0.000477,0.000004,0.000001,0.000011,10,8,0.000003,0.000001,0.000034
709,260.368530,1.911794,0.295873,6.018251,10,8,1.798691,0.290590,18.866128
710,831.844727,6.107942,0.945278,19.367106,10,8,5.746592,0.928398,59.090419
711,76.681908,0.563048,0.087139,1.776948,10,8,0.529738,0.085582,5.416468
712,0.021021,0.000154,0.000024,0.000487,10,8,0.000145,0.000023,0.001485
714,27274.841797,200.269514,30.994138,635.016046,10,8,188.421443,30.440672,1937.479167
715,107810.429688,791.613844,122.511852,2510.054990,10,8,744.781468,120.324140,7658.356485
716,14734.781250,108.192286,16.744070,343.056895,10,8,101.791562,16.445068,1046.691010
717,5.580477,0.040975,0.006341,0.129925,10,8,0.038551,0.006228,0.396411
718,1138.033203,8.356175,1.293220,26.495822,10,8,7.861819,1.270126,80.840638
719,258691.421875,1899.479592,293.967525,6022.883837,10,8,1787.105175,288.718105,18376.247401
721,375747.812500,2758.983256,426.986151,8748.204368,10,8,2595.760058,419.361398,26691.394376
724,81.196701,0.596199,0.092269,1.881569,10,8,0.560927,0.090621,5.735373
725,509349.187500,3739.970888,578.805895,11858.727153,10,8,3518.711839,568.470075,36181.820856
726,86.074455,0.632014,0.097812,1.994601,10,8,0.594624,0.096065,6.079916
727,25.776791,0.189270,0.029292,0.606059,10,8,0.178073,0.028769,1.836579
728,10.472086,0.076893,0.011900,0.246218,10,8,0.072344,0.011688,0.746129
729,327877.218750,2407.486422,372.587749,7633.675624,10,8,2265.057999,365.934396,23290.887828
731,3.178060,0.023335,0.003611,0.073992,10,8,0.021955,0.003547,0.225755
733,1.420512,0.010430,0.001614,0.033073,10,8,0.009813,0.001585,0.100907
734,2.374763,0.017437,0.002699,0.055289,10,8,0.016405,0.002650,0.168692
735,2.983429,0.021906,0.003390,0.069461,10,8,0.020610,0.003330,0.211929
737,252.110916,1.851161,0.286490,5.827381,10,8,1.741645,0.281374,18.267787
738,2.361325,0.017338,0.002683,0.054581,10,8,0.016313,0.002635,0.171100
740,2.331043,0.017116,0.002649,0.053881,10,8,0.016103,0.002602,0.168906
744,0.901868,0.006622,0.001025,0.021164,10,8,0.006230,0.001007,0.065967
746,35.979744,0.264187,0.040886,0.844330,10,8,0.248557,0.040156,2.631732
749,0.306950,0.002254,0.000349,0.007146,10,8,0.002120,0.000343,0.021804
750,0.216170,0.001587,0.000246,0.005033,10,8,0.001493,0.000241,0.015356
751,71412.953125,524.360051,81.151083,1662.644699,10,8,493.338578,79.701957,5072.847351
752,0.130343,0.000957,0.000148,0.003035,10,8,0.000900,0.000145,0.009259
753,54.634857,0.401164,0.062085,1.282107,10,8,0.377431,0.060976,3.996257
754,0.216244,0.001588,0.000246,0.005075,10,8,0.001494,0.000241,0.015817
756,9659.212891,70.924183,10.976378,224.886920,10,8,66.728263,10.780372,686.146006
757,0.141718,0.001041,0.000161,0.003299,10,8,0.000979,0.000158,0.010067
758,0.126970,0.000932,0.000144,0.002956,10,8,0.000877,0.000142,0.009019
759,0.126354,0.000928,0.000144,0.002942,10,8,0.000873,0.000141,0.008976
762,0.091796,0.000674,0.000104,0.002137,10,8,0.000634,0.000102,0.006521
763,0.127319,0.000935,0.000145,0.002964,10,8,0.000880,0.000142,0.009044
764,0.002330,0.000017,0.000003,0.000054,10,8,0.000016,0.000003,0.000166
765,0.000430,0.000003,0.000000,0.000010,10,8,0.000003,0.000000,0.000031
766,0.000072,0.000001,0.000000,0.000002,10,8,0.000000,0.000000,0.000005
767,0.091770,0.000674,0.000104,0.002137,10,8,0.000634,0.000102,0.006519
769,0.091867,0.000675,0.000104,0.002123,10,8,0.000635,0.000103,0.006657
772,8.921874,0.065510,0.010138,0.209770,10,8,0.061635,0.009957,0.635678
776,90.671669,0.665770,0.103036,2.101132,10,8,0.626383,0.101196,6.404642
777,0.003321,0.000024,0.000004,0.000077,10,8,0.000023,0.000004,0.000235
778,0.091357,0.000671,0.000104,0.002117,10,8,0.000631,0.000102,0.006453
779,0.000091,0.000001,0.000000,0.000002,10,8,0.000001,0.000000,0.000006
781,2497.624756,18.339175,2.838210,58.149991,10,8,17.254218,2.787528,177.419762
784,0.087055,0.000639,0.000099,0.002047,10,8,0.000601,0.000097,0.006203
785,0.000291,0.000002,0.000000,0.000007,10,8,0.000002,0.000000,0.000021
786,17.793829,0.130654,0.020220,0.418365,10,8,0.122924,0.019859,1.267798
791,2283.315186,16.765576,2.594676,53.160410,10,8,15.773714,2.548343,162.196197
792,45.111435,0.331237,0.051263,1.058622,10,8,0.311641,0.050348,3.299668
793,261716.812500,1921.693965,297.405469,6093.321334,10,8,1808.005332,292.094657,18591.157220
794,88.282280,0.648226,0.100321,2.045763,10,8,0.609876,0.098529,6.235866
797,69.811852,0.512604,0.079332,1.638263,10,8,0.482278,0.077915,5.106376
798,232364.531250,1706.170548,264.050604,5409.938101,10,8,1605.232417,259.335414,16506.106320
799,0.029346,0.000215,0.000033,0.000683,10,8,0.000203,0.000033,0.002085
802,4.097268,0.030085,0.004656,0.095393,10,8,0.028305,0.004573,0.291051
804,0.108644,0.000798,0.000123,0.002554,10,8,0.000751,0.000121,0.007741
805,6.662831,0.048923,0.007571,0.156655,10,8,0.046029,0.007436,0.474722
806,358.641357,2.633377,0.407547,8.349930,10,8,2.477584,0.400269,25.476231
807,2334.187500,17.139113,2.652486,54.344825,10,8,16.125152,2.605120,165.809932
809,0.000168,0.000001,0.000000,0.000004,10,8,0.000001,0.000000,0.000012
811,55134.640625,404.834161,62.653001,1283.651130,10,8,380.883915,61.534197,3916.510989
812,51.256680,0.376360,0.058246,1.202832,10,8,0.354094,0.057206,3.749161
813,4.960842,0.036426,0.005637,0.116415,10,8,0.034271,0.005537,0.362860
814,0.002815,0.000021,0.000003,0.000066,10,8,0.000019,0.000003,0.000206
815,57004.945312,418.567146,64.778347,1327.195781,10,8,393.804449,63.621591,4049.368822
816,157.250259,1.154633,0.178693,3.634738,10,8,1.086324,0.175503,11.394248
817,17.497385,0.128477,0.019883,0.411395,10,8,0.120876,0.019528,1.246677
818,0.000097,0.000001,0.000000,0.000002,10,8,0.000001,0.000000,0.000007
819,732.927185,5.381625,0.832872,17.064096,10,8,5.063245,0.817999,52.063772
821,4447.480957,32.656279,5.053956,103.546770,10,8,30.724313,4.963706,315.928568
822,0.001441,0.000011,0.000002,0.000034,10,8,0.000010,0.000002,0.000102
824,49461.886719,363.181136,56.206689,1151.577412,10,8,341.695109,55.202999,3513.544673
825,1661.136353,12.197137,1.887655,38.674770,10,8,11.475546,1.853947,117.999477
827,0.000578,0.000004,0.000001,0.000013,10,8,0.000004,0.000001,0.000041
830,237100.953125,1740.948418,269.432901,5520.212027,10,8,1637.952806,264.621599,16842.559920
833,187.440872,1.376312,0.213001,4.332575,10,8,1.294889,0.209197,13.581839
834,212.111176,1.557457,0.241035,4.902813,10,8,1.465317,0.236731,15.369433
835,24.279488,0.178276,0.027590,0.570855,10,8,0.167729,0.027098,1.729897
836,201.559265,1.479978,0.229045,4.658913,10,8,1.392422,0.224955,14.604848
838,95.066559,0.698040,0.108030,2.202975,10,8,0.656744,0.106101,6.715078
841,46.475327,0.341252,0.052813,1.090628,10,8,0.321063,0.051870,3.399430
842,94.620865,0.694768,0.107524,2.192647,10,8,0.653665,0.105604,6.683596
844,88.723450,0.651465,0.100822,2.055986,10,8,0.612924,0.099022,6.267029
846,45614.117188,334.928325,51.834224,1061.993193,10,8,315.113753,50.908613,3240.216844
847,79.920456,0.586828,0.090819,1.851994,10,8,0.552111,0.089197,5.645225
850,81.524704,0.598607,0.092642,1.889170,10,8,0.563193,0.090987,5.758541
851,81.922462,0.601528,0.093094,1.898387,10,8,0.565941,0.091431,5.786637
852,75.870544,0.557091,0.086217,1.780441,10,8,0.524133,0.084677,5.549538
853,81.188278,0.596137,0.092259,1.881374,10,8,0.560869,0.090612,5.734778
854,0.110478,0.000811,0.000126,0.002560,10,8,0.000763,0.000123,0.007804
855,82.856621,0.608387,0.094155,1.920034,10,8,0.572394,0.092474,5.852622
856,184.308960,1.353315,0.209442,4.260183,10,8,1.273252,0.205702,13.354903
858,89.275520,0.655519,0.101449,2.068779,10,8,0.616738,0.099638,6.306025
859,91.211731,0.669735,0.103650,2.113647,10,8,0.630113,0.101799,6.442790
860,83.637192,0.614118,0.095042,1.938122,10,8,0.577787,0.093345,5.907758
862,77.484756,0.568943,0.088051,1.795552,10,8,0.535284,0.086479,5.473178
866,72.233185,0.530383,0.082083,1.695084,10,8,0.499005,0.080617,5.283484
867,68.995789,0.506612,0.078404,1.619112,10,8,0.476640,0.077004,5.046685
870,67.055412,0.492364,0.076199,1.573578,10,8,0.463236,0.074839,4.904757
871,169.282990,1.242985,0.192367,3.912867,10,8,1.169449,0.188932,12.266131
872,0.008204,0.000060,0.000009,0.000190,10,8,0.000057,0.000009,0.000594
873,75.983101,0.557917,0.086344,1.783082,10,8,0.524910,0.084803,5.557771
874,68.167778,0.500532,0.077463,1.599682,10,8,0.470920,0.076080,4.986121
875,63.577286,0.466826,0.072247,1.491957,10,8,0.439208,0.070957,4.650350
876,60.657593,0.445387,0.068929,1.423441,10,8,0.419038,0.067698,4.436789
880,58.740337,0.431310,0.066750,1.378449,10,8,0.405793,0.065558,4.296552
881,0.001264,0.000009,0.000001,0.000030,10,8,0.000009,0.000001,0.000092
885,0.065631,0.000482,0.000075,0.001540,10,8,0.000453,0.000073,0.004801
886,2.237716,0.016431,0.002543,0.052512,10,8,0.015459,0.002497,0.163677
887,96.336708,0.707366,0.109474,2.232408,10,8,0.665518,0.107519,6.804795
889,0.000076,0.000001,0.000000,0.000002,10,8,0.000001,0.000000,0.000005
891,0.050438,0.000370,0.000057,0.001174,10,8,0.000348,0.000056,0.003583
894,0.283921,0.002085,0.000323,0.006579,10,8,0.001961,0.000317,0.020055
895,0.027251,0.000200,0.000031,0.000631,10,8,0.000188,0.000030,0.001925
896,0.153123,0.001124,0.000174,0.003548,10,8,0.001058,0.000171,0.010816
897,597.037354,4.383834,0.678452,13.900293,10,8,4.124484,0.666336,42.410784
898,0.024961,0.000183,0.000028,0.000581,10,8,0.000172,0.000028,0.001773
899,17596.687500,129.206251,19.996236,409.688129,10,8,121.562327,19.639160,1249.987652
901,0.469466,0.003447,0.000533,0.010930,10,8,0.003243,0.000524,0.033349
902,247.566544,1.817794,0.281326,5.722341,10,8,1.710252,0.276302,17.938505
904,60.017746,0.440689,0.068202,1.408426,10,8,0.414618,0.066984,4.389988
910,0.605269,0.004444,0.000688,0.014026,10,8,0.004181,0.000676,0.042754
911,0.000553,0.000004,0.000001,0.000013,10,8,0.000004,0.000001,0.000039
916,0.049292,0.000362,0.000056,0.001142,10,8,0.000341,0.000055,0.003482
918,0.469213,0.003445,0.000533,0.010873,10,8,0.003241,0.000524,0.033143
919,13.329031,0.097870,0.015147,0.313390,10,8,0.092080,0.014876,0.949685
921,0.882907,0.006483,0.001003,0.020759,10,8,0.006099,0.000985,0.062907
924,490665.843750,3602.785705,557.574822,11423.739366,10,8,3389.642618,547.618129,34854.642148
925,0.009766,0.000072,0.000011,0.000227,10,8,0.000067,0.000011,0.000694
926,0.092041,0.000676,0.000105,0.002143,10,8,0.000636,0.000103,0.006538
927,30823.654297,226.327189,35.026880,717.639912,10,8,212.937529,34.401400,2189.570466
929,80.808167,0.593346,0.091827,1.872565,10,8,0.558243,0.090188,5.707928
930,1.543023,0.011330,0.001753,0.035756,10,8,0.010660,0.001722,0.108992
931,1007.348877,7.396606,1.144715,23.453214,10,8,6.959019,1.124273,71.557426
934,91.445457,0.671452,0.103915,2.119063,10,8,0.631728,0.102060,6.459299
935,29889.044922,219.464683,33.964824,695.880228,10,8,206.481013,33.358309,2123.180120
937,0.002313,0.000017,0.000003,0.000054,10,8,0.000016,0.000003,0.000164
938,0.003239,0.000024,0.000004,0.000075,10,8,0.000022,0.000004,0.000230
939,700.909973,5.146534,0.796489,16.318668,10,8,4.842062,0.782266,49.789417
940,1.583124,0.011624,0.001799,0.036858,10,8,0.010937,0.001767,0.112458
941,22597.742188,165.927226,25.679252,526.123268,10,8,156.110866,25.220694,1605.239548
942,4022.151855,29.533238,4.570627,93.644208,10,8,27.786033,4.489009,285.715147
945,0.020094,0.000148,0.000023,0.000468,10,8,0.000139,0.000022,0.001427
949,0.030253,0.000222,0.000034,0.000701,10,8,0.000209,0.000034,0.002137
951,0.000240,0.000002,0.000000,0.000006,10,8,0.000002,0.000000,0.000017
953,31700.568359,232.766059,36.023373,738.056328,10,8,218.995471,35.380099,2251.862403
956,374.613831,2.750657,0.425698,8.721803,10,8,2.587926,0.418096,26.610842
960,0.525491,0.003858,0.000597,0.012146,10,8,0.003630,0.000586,0.038077
961,81.936226,0.601629,0.093109,1.898706,10,8,0.566036,0.091447,5.787610
963,771.798889,5.667046,0.877044,17.969112,10,8,5.331780,0.861383,54.825039
964,41797.488281,306.904169,47.497146,973.133994,10,8,288.747524,46.648982,2969.101101
965,764.113037,5.610612,0.868310,17.790169,10,8,5.278684,0.852805,54.279072
968,0.003179,0.000023,0.000004,0.000074,10,8,0.000022,0.000004,0.000226
970,7107.339355,52.186678,8.076522,165.473903,10,8,49.099281,7.932298,504.872660
971,70387.960938,516.833896,79.986319,1638.780711,10,8,486.257675,78.557992,5000.036626
972,80.752289,0.592935,0.091764,1.871270,10,8,0.557857,0.090125,5.703982
973,0.000082,0.000001,0.000000,0.000002,10,8,0.000001,0.000000,0.000006
975,0.017768,0.000130,0.000020,0.000412,10,8,0.000123,0.000020,0.001255
978,1.722635,0.012649,0.001958,0.040107,10,8,0.011900,0.001923,0.122368
979,17138.656250,125.843090,19.475746,399.024192,10,8,118.398133,19.127965,1217.451221
982,0.674637,0.004954,0.000767,0.015633,10,8,0.004661,0.000753,0.047653
983,154.615952,1.135290,0.175700,3.573848,10,8,1.068126,0.172562,11.203367
985,13.879533,0.101912,0.015772,0.326333,10,8,0.095883,0.015491,0.988907
988,70486.390625,517.556630,80.098171,1641.072362,10,8,486.937652,78.667847,5007.028618
989,9861.532227,72.409742,11.206287,229.597343,10,8,68.125936,11.006174,700.517840
990,4.353585,0.031967,0.004947,0.101361,10,8,0.030076,0.004859,0.309259
991,0.009918,0.000073,0.000011,0.000231,10,8,0.000069,0.000011,0.000705
992,0.126325,0.000928,0.000144,0.002941,10,8,0.000873,0.000141,0.008974
993,4304.223633,31.604391,4.891163,100.211436,10,8,29.734656,4.803821,305.752227
994,0.000093,0.000001,0.000000,0.000002,10,8,0.000001,0.000000,0.000007
996,0.009796,0.000072,0.000011,0.000228,10,8,0.000068,0.000011,0.000696
998,22222.300781,163.170493,25.252615,517.382197,10,8,153.517223,24.801675,1578.569919
1000,3200.811035,23.502423,3.637285,74.521656,10,8,22.112005,3.572334,227.370877
1002,767.220703,5.633430,0.871842,17.862522,10,8,5.300153,0.856273,54.499826
1004,0.262524,0.001928,0.000298,0.006112,10,8,0.001814,0.000293,0.018648
1005,1.416794,0.010403,0.001610,0.032986,10,8,0.009788,0.001581,0.100643
1007,74845.703125,549.565519,85.051935,1742.566384,10,8,517.052875,83.533151,5316.694104
1008,1.179222,0.008659,0.001340,0.027455,10,8,0.008146,0.001316,0.083767
1010,84.707901,0.621980,0.096259,1.962934,10,8,0.585183,0.094540,5.983388
1012,0.164968,0.001211,0.000187,0.003823,10,8,0.001140,0.000184,0.011653
1013,0.008286,0.000061,0.000009,0.000192,10,8,0.000057,0.000009,0.000585
1014,6317.177734,46.384801,7.178611,147.077268,10,8,43.640647,7.050422,448.743217
1015,0.159197,0.001169,0.000181,0.003706,10,8,0.001100,0.000178,0.011309
1016,128698.492188,944.987498,146.248287,2996.373296,10,8,889.081438,143.636710,9142.148261
1017,0.050522,0.000371,0.000057,0.001176,10,8,0.000349,0.000056,0.003589
1020,0.002498,0.000018,0.000003,0.000058,10,8,0.000017,0.000003,0.000177
1022,13031.139648,95.683048,14.808113,303.392512,10,8,90.022379,14.543683,925.672156
1023,1899.829590,13.949777,2.158897,44.232054,10,8,13.124499,2.120346,134.955146
1025,0.000787,0.000006,0.000001,0.000018,10,8,0.000005,0.000001,0.000056
1026,578.591919,4.248396,0.657491,13.470844,10,8,3.997058,0.645750,41.100506
1029,0.044595,0.000327,0.000051,0.001038,10,8,0.000308,0.000050,0.003168
1030,128826.492188,945.927356,146.393741,2999.353407,10,8,889.965694,143.779567,9151.240792
1031,0.189610,0.001392,0.000215,0.004415,10,8,0.001310,0.000212,0.013469
1032,12749.476562,93.614896,14.488042,296.834799,10,8,88.076579,14.229327,905.664107
1033,80.036942,0.587683,0.090951,1.854694,10,8,0.552915,0.089327,5.653453
1035,0.266556,0.001957,0.000303,0.006177,10,8,0.001841,0.000297,0.018828
1038,1.607796,0.011805,0.001827,0.037433,10,8,0.011107,0.001794,0.114210
1040,0.048022,0.000353,0.000055,0.001113,10,8,0.000332,0.000054,0.003392
1042,727973.562500,5345.252330,827.242685,16948.765335,10,8,5029.023813,812.470494,51711.889746
1044,215803.593750,1584.569443,245.231357,5024.364424,10,8,1490.825310,240.852225,15329.693579
1045,2408464.250000,17684.500930,2736.891193,56074.145400,10,8,16638.274644,2688.018136,171086.209951
1046,112948.359375,829.339844,128.350408,2629.676868,10,8,780.275573,126.058437,8023.331351
1047,5.640523,0.041416,0.006410,0.131323,10,8,0.038966,0.006295,0.400677
1050,0.534897,0.003928,0.000608,0.012454,10,8,0.003695,0.000597,0.037997
1052,0.004921,0.000036,0.000006,0.000115,10,8,0.000034,0.000005,0.000350
1053,85.016365,0.624245,0.096610,1.970082,10,8,0.587314,0.094884,6.005177
1054,0.043042,0.000316,0.000049,0.000997,10,8,0.000297,0.000048,0.003040
1055,8.141804,0.059782,0.009252,0.191429,10,8,0.056246,0.009087,0.580098
1056,80.868866,0.593791,0.091896,1.873972,10,8,0.558662,0.090255,5.712216
1057,0.174393,0.001281,0.000198,0.004041,10,8,0.001205,0.000195,0.012318
1058,0.004807,0.000035,0.000005,0.000111,10,8,0.000033,0.000005,0.000340
1059,0.029624,0.000218,0.000034,0.000686,10,8,0.000205,0.000033,0.002093
1060,0.236760,0.001738,0.000269,0.005486,10,8,0.001636,0.000264,0.016724
1061,0.461357,0.003388,0.000524,0.010691,10,8,0.003187,0.000515,0.032588
1063,0.014303,0.000105,0.000016,0.000336,10,8,0.000099,0.000016,0.001019
1066,0.013780,0.000101,0.000016,0.000324,10,8,0.000095,0.000015,0.000982
1067,0.141891,0.001042,0.000161,0.003336,10,8,0.000980,0.000158,0.010110
1071,0.153568,0.001128,0.000175,0.003575,10,8,0.001061,0.000171,0.010909
1072,0.758282,0.005568,0.000862,0.017654,10,8,0.005238,0.000846,0.053865
1073,748.440979,5.495537,0.850501,17.425290,10,8,5.170418,0.835314,53.165801
1074,524.687622,3.852596,0.596236,12.215838,10,8,3.624674,0.585589,37.271393
1077,506.296021,3.717553,0.575336,11.787643,10,8,3.497620,0.565063,35.964938
1080,3224.022217,23.672855,3.663662,75.062061,10,8,22.272353,3.598239,229.019692
1081,4893.485352,35.931132,5.560779,113.930696,10,8,33.805423,5.461479,347.610666
1082,0.036989,0.000272,0.000042,0.000861,10,8,0.000256,0.000041,0.002628
1084,3.281646,0.024096,0.003729,0.076404,10,8,0.022670,0.003663,0.233113
1085,0.000092,0.000001,0.000000,0.000002,10,8,0.000001,0.000000,0.000007
1087,0.037539,0.000276,0.000043,0.000874,10,8,0.000259,0.000042,0.002667
1088,0.000240,0.000002,0.000000,0.000006,10,8,0.000002,0.000000,0.000017
1089,0.381893,0.002804,0.000434,0.008891,10,8,0.002638,0.000426,0.027128
1091,18113.570312,133.001539,20.583603,421.722255,10,8,125.133083,20.216038,1286.704627
1092,82.090233,0.602760,0.093284,1.902275,10,8,0.567100,0.091619,5.798488
1093,9970.067383,73.206678,11.329622,232.124271,10,8,68.875724,11.127307,708.227677
1094,0.039757,0.000292,0.000045,0.000926,10,8,0.000275,0.000044,0.002824
1095,52.591084,0.386158,0.059763,1.234146,10,8,0.363312,0.058695,3.846766
1096,5668.886719,41.624630,6.441917,131.983681,10,8,39.162090,6.326882,402.691609
1098,0.058135,0.000427,0.000066,0.001367,10,8,0.000402,0.000065,0.004142
1099,6.202942,0.045546,0.007049,0.145842,10,8,0.042851,0.006923,0.441955
1100,0.382442,0.002808,0.000435,0.008992,10,8,0.002642,0.000427,0.027249
1101,0.048424,0.000356,0.000055,0.001139,10,8,0.000335,0.000054,0.003450
1103,1018.495605,7.478453,1.157381,23.712733,10,8,7.036023,1.136714,72.349238
1104,0.016816,0.000123,0.000019,0.000392,10,8,0.000116,0.000019,0.001195
1105,0.004847,0.000036,0.000006,0.000113,10,8,0.000033,0.000005,0.000344
1106,0.087038,0.000639,0.000099,0.002026,10,8,0.000601,0.000097,0.006183
1107,0.002389,0.000018,0.000003,0.000056,10,8,0.000017,0.000003,0.000170
1108,14.060892,0.103244,0.015978,0.330597,10,8,0.097136,0.015693,1.001829
1109,0.001000,0.000007,0.000001,0.000024,10,8,0.000007,0.000001,0.000071
1110,0.046035,0.000338,0.000052,0.001082,10,8,0.000318,0.000051,0.003280
1114,0.000826,0.000006,0.000001,0.000019,10,8,0.000006,0.000001,0.000059
1115,1.263729,0.009279,0.001436,0.029422,10,8,0.008730,0.001410,0.089769
1116,0.960723,0.007054,0.001092,0.022368,10,8,0.006637,0.001072,0.068245
1117,0.001602,0.000012,0.000002,0.000037,10,8,0.000011,0.000002,0.000114
1119,0.008235,0.000060,0.000009,0.000190,10,8,0.000057,0.000009,0.000597
1121,420740.500000,3089.348643,478.114205,9795.729363,10,8,2906.580819,469.576451,29887.467716
1123,0.000437,0.000003,0.000000,0.000010,10,8,0.000003,0.000000,0.000031
1124,0.006186,0.000045,0.000007,0.000144,10,8,0.000043,0.000007,0.000439
1125,0.023651,0.000174,0.000027,0.000551,10,8,0.000163,0.000026,0.001680
1126,0.000594,0.000004,0.000001,0.000014,10,8,0.000004,0.000001,0.000042
1128,718.073975,5.272563,0.815993,16.718282,10,8,4.960635,0.801422,51.008669
1130,0.001169,0.000009,0.000001,0.000027,10,8,0.000008,0.000001,0.000083
1134,0.006079,0.000045,0.000007,0.000143,10,8,0.000042,0.000007,0.000433
1135,4377.156250,32.139910,4.974041,101.909462,10,8,30.238492,4.885219,310.933024
1139,0.007699,0.000057,0.000009,0.000179,10,8,0.000053,0.000009,0.000547
1143,0.053436,0.000392,0.000061,0.001244,10,8,0.000369,0.000060,0.003796
1145,25056.863281,183.983683,28.473708,583.376812,10,8,173.099091,27.965249,1779.924187
1146,0.001140,0.000008,0.000001,0.000027,10,8,0.000008,0.000001,0.000081
1147,1.708486,0.012545,0.001941,0.039777,10,8,0.011803,0.001907,0.121363
1148,0.002894,0.000021,0.000003,0.000067,10,8,0.000020,0.000003,0.000206
1149,0.037143,0.000273,0.000042,0.000865,10,8,0.000257,0.000041,0.002638
1150,1.116752,0.008200,0.001269,0.026000,10,8,0.007715,0.001246,0.079329
1153,0.070662,0.000519,0.000080,0.001645,10,8,0.000488,0.000079,0.005019
1154,0.009779,0.000072,0.000011,0.000228,10,8,0.000068,0.000011,0.000695
1155,462.959198,3.399346,0.526090,10.778670,10,8,3.198238,0.516696,32.886490
1156,3.392758,0.024912,0.003855,0.078991,10,8,0.023438,0.003787,0.241006
1157,4.763412,0.034976,0.005413,0.110902,10,8,0.032907,0.005316,0.338371
1158,2309508.250000,16957.902030,2624.441193,53770.240273,10,8,15954.661796,2577.576172,164056.831378
1159,0.032558,0.000239,0.000037,0.000758,10,8,0.000225,0.000036,0.002313
1161,0.816503,0.005995,0.000928,0.019010,10,8,0.005641,0.000911,0.058001
1164,1.106471,0.008124,0.001257,0.025761,10,8,0.007644,0.001235,0.078599
1165,66.229286,0.486298,0.075261,1.554191,10,8,0.457529,0.073917,4.844330
1166,0.672090,0.004935,0.000764,0.015772,10,8,0.004643,0.000750,0.049160
1167,1360.787964,9.991785,1.546350,31.682024,10,8,9.400664,1.518737,96.664111
1169,1.320506,0.009696,0.001501,0.030744,10,8,0.009122,0.001474,0.093803
1171,109.418236,0.803419,0.124339,2.535546,10,8,0.755889,0.122119,7.728816
1173,80.902954,0.594042,0.091935,1.874762,10,8,0.558898,0.090293,5.714624
1175,0.000383,0.000003,0.000000,0.000009,10,8,0.000003,0.000000,0.000027
1176,196.601273,1.443574,0.223411,4.544312,10,8,1.358171,0.219421,14.245596
1178,0.001182,0.000009,0.000001,0.000027,10,8,0.000008,0.000001,0.000086
1179,0.001457,0.000011,0.000002,0.000034,10,8,0.000010,0.000002,0.000106
1180,0.034085,0.000250,0.000039,0.000788,10,8,0.000235,0.000038,0.002470
1181,0.000362,0.000003,0.000000,0.000008,10,8,0.000003,0.000000,0.000026
1186,0.031747,0.000233,0.000036,0.000734,10,8,0.000219,0.000035,0.002300
1187,0.278437,0.002044,0.000316,0.006436,10,8,0.001924,0.000311,0.020175
1188,0.069439,0.000510,0.000079,0.001605,10,8,0.000480,0.000077,0.005031
1190,0.125596,0.000922,0.000143,0.002903,10,8,0.000868,0.000140,0.009101
1191,0.000364,0.000003,0.000000,0.000008,10,8,0.000003,0.000000,0.000026
1192,14.027067,0.102996,0.015940,0.329802,10,8,0.096902,0.015655,0.999419
1193,0.018918,0.000139,0.000021,0.000445,10,8,0.000131,0.000021,0.001348
1194,0.023011,0.000169,0.000026,0.000541,10,8,0.000159,0.000026,0.001640
1195,0.063719,0.000468,0.000072,0.001498,10,8,0.000440,0.000071,0.004540
1196,415.992828,3.054488,0.472719,9.685194,10,8,2.873783,0.464278,29.550215
1197,982.082886,7.211087,1.116003,22.864968,10,8,6.784475,1.096075,69.762646
1198,74000.343750,543.358345,84.091300,1722.884629,10,8,511.212920,82.589669,5256.643667
1200,50107.281250,367.920039,56.940092,1166.603563,10,8,346.153657,55.923305,3559.390529
1202,3079.524170,22.611857,3.499459,71.697841,10,8,21.274125,3.436969,218.755217
1203,14683.534180,107.815997,16.685834,341.863754,10,8,101.437534,16.387873,1043.050654
1204,2.887679,0.021203,0.003281,0.067231,10,8,0.019949,0.003223,0.205127
1205,2305162.750000,16925.994561,2619.503125,53669.067836,10,8,15924.641993,2572.726283,163748.147068
1206,2304349.500000,16920.023154,2618.578977,53650.133655,10,8,15919.023858,2571.818638,163690.377533
1207,15.585388,0.114438,0.017711,0.366441,10,8,0.107668,0.017394,1.110448
1208,22.449858,0.164841,0.025511,0.527837,10,8,0.155089,0.025056,1.599537
1209,2980.237793,21.882832,3.386634,69.386244,10,8,20.588230,3.326158,211.702370
1210,0.143407,0.001053,0.000163,0.003339,10,8,0.000991,0.000160,0.010187
1211,0.000511,0.000004,0.000001,0.000012,10,8,0.000004,0.000001,0.000036
1213,1000.771973,7.348315,1.137241,23.300090,10,8,6.913584,1.116933,71.090233
1215,2027.450317,14.886850,2.303921,47.203335,10,8,14.006135,2.262779,144.020735
1217,1.457504,0.010702,0.001656,0.033934,10,8,0.010069,0.001627,0.103534
1218,0.000505,0.000004,0.000001,0.000012,10,8,0.000003,0.000001,0.000036
1219,0.000183,0.000001,0.000000,0.000004,10,8,0.000001,0.000000,0.000013
1222,0.000084,0.000001,0.000000,0.000002,10,8,0.000001,0.000000,0.000006
1223,0.015014,0.000110,0.000017,0.000352,10,8,0.000104,0.000017,0.001098
1224,459.102295,3.371026,0.521707,10.688873,10,8,3.171594,0.512391,32.612513
1226,80.047905,0.587763,0.090964,1.854948,10,8,0.552991,0.089339,5.654227
1227,2488.017822,18.268635,2.827293,57.926321,10,8,17.187851,2.776806,176.737329
1228,68.626724,0.503902,0.077985,1.610452,10,8,0.474091,0.076592,5.019690
1229,1242.359131,9.122204,1.411772,28.924750,10,8,8.582528,1.386562,88.251472
1230,1345.724487,9.881179,1.529232,31.331314,10,8,9.296602,1.501925,95.594071
1233,0.035823,0.000263,0.000041,0.000834,10,8,0.000247,0.000040,0.002545
1234,0.004726,0.000035,0.000005,0.000110,10,8,0.000033,0.000005,0.000336
1236,0.000508,0.000004,0.000001,0.000012,10,8,0.000004,0.000001,0.000037
1237,6153.381348,45.182102,6.992479,143.263742,10,8,42.509100,6.867613,437.107876
1238,4.055655,0.029779,0.004609,0.094424,10,8,0.028017,0.004526,0.288095
1239,0.038903,0.000286,0.000044,0.000906,10,8,0.000269,0.000043,0.002764
1240,0.018467,0.000136,0.000021,0.000430,10,8,0.000128,0.000021,0.001312
1242,0.005870,0.000043,0.000007,0.000136,10,8,0.000041,0.000007,0.000415
1243,48916.574219,359.177099,55.587016,1138.881383,10,8,337.927954,54.594391,3474.808184
1246,0.000506,0.000004,0.000001,0.000012,10,8,0.000003,0.000001,0.000036
1247,69.226387,0.508305,0.078666,1.624524,10,8,0.478233,0.077262,5.063552
1251,10.098953,0.074153,0.011476,0.237445,10,8,0.069766,0.011271,0.719544
1255,227.640167,1.671481,0.258682,5.261756,10,8,1.572595,0.254063,16.494653
1256,0.563301,0.004136,0.000640,0.013020,10,8,0.003891,0.000629,0.040816
1259,3.989017,0.029290,0.004533,0.092204,10,8,0.027557,0.004452,0.289042
1260,9.844376,0.072284,0.011187,0.231459,10,8,0.068007,0.010987,0.701405
1261,0.447003,0.003282,0.000508,0.010510,10,8,0.003088,0.000499,0.031849
1263,9.814428,0.072064,0.011153,0.230755,10,8,0.067801,0.010954,0.699271
1264,0.057014,0.000419,0.000065,0.001340,10,8,0.000394,0.000064,0.004062
1267,3.416004,0.025083,0.003882,0.080316,10,8,0.023599,0.003813,0.243388
1268,98.544243,0.723576,0.111982,2.283563,10,8,0.680768,0.109982,6.960726
1269,0.006847,0.000050,0.000008,0.000159,10,8,0.000047,0.000008,0.000484
1270,0.001391,0.000010,0.000002,0.000032,10,8,0.000010,0.000002,0.000098
1271,4875.631836,35.800040,5.540491,113.515029,10,8,33.682087,5.441553,346.342435
1272,0.001421,0.000010,0.000002,0.000033,10,8,0.000010,0.000002,0.000101
1276,0.523094,0.003841,0.000594,0.012179,10,8,0.003614,0.000584,0.037158
1278,68.815186,0.505286,0.078199,1.614874,10,8,0.475393,0.076803,5.033475
1281,81.043251,0.595072,0.092095,1.878013,10,8,0.559867,0.090450,5.724534
1282,1827.323364,13.417389,2.076504,42.543956,10,8,12.623608,2.039423,129.804637
1283,0.002745,0.000020,0.000003,0.000064,10,8,0.000019,0.000003,0.000195
1284,114.793495,0.842888,0.130447,2.660106,10,8,0.793022,0.128118,8.108500
1285,1.857728,0.013641,0.002111,0.043049,10,8,0.012834,0.002073,0.131222
1287,0.001014,0.000007,0.000001,0.000024,10,8,0.000007,0.000001,0.000072
1288,0.000113,0.000001,0.000000,0.000003,10,8,0.000001,0.000000,0.000008
1289,68.502899,0.502993,0.077844,1.607546,10,8,0.473235,0.076454,5.010633
1290,0.006371,0.000047,0.000007,0.000149,10,8,0.000044,0.000007,0.000466
1294,1970.438965,14.468236,2.239135,45.875990,10,8,13.612286,2.199151,139.970911
1295,10.390716,0.076295,0.011808,0.244305,10,8,0.071782,0.011597,0.740332
1296,1514.997559,11.124091,1.721588,35.272350,10,8,10.465983,1.690845,107.618450
1298,102.976997,0.756124,0.117019,2.386283,10,8,0.711391,0.114930,7.273836
1302,835.133240,6.132088,0.949015,19.443669,10,8,5.769310,0.932068,59.324020
1303,2.145615,0.015754,0.002438,0.049954,10,8,0.014822,0.002395,0.152415
1304,0.039699,0.000291,0.000045,0.000924,10,8,0.000274,0.000044,0.002820
1306,0.001461,0.000011,0.000002,0.000034,10,8,0.000010,0.000002,0.000103
1308,0.014201,0.000104,0.000016,0.000329,10,8,0.000098,0.000016,0.001003
1310,44.577942,0.327320,0.050657,1.046103,10,8,0.307956,0.049752,3.260646
1313,0.616423,0.004526,0.000700,0.014352,10,8,0.004258,0.000688,0.043788
1315,0.000994,0.000007,0.000001,0.000023,10,8,0.000007,0.000001,0.000071
1316,66.895950,0.491193,0.076018,1.569836,10,8,0.462134,0.074661,4.893093
1318,85.400467,0.627065,0.097046,1.978983,10,8,0.589968,0.095313,6.032308
1319,8.677180,0.063713,0.009860,0.204016,10,8,0.059944,0.009684,0.618243
1320,109.302719,0.802571,0.124208,2.532869,10,8,0.755091,0.121990,7.720657
1323,0.002874,0.000021,0.000003,0.000068,10,8,0.000020,0.000003,0.000205
1324,3.434687,0.025220,0.003903,0.080756,10,8,0.023728,0.003833,0.244719
1325,0.006695,0.000049,0.000008,0.000157,10,8,0.000046,0.000007,0.000477
1327,0.000095,0.000001,0.000000,0.000002,10,8,0.000001,0.000000,0.000007
1328,0.000360,0.000003,0.000000,0.000008,10,8,0.000002,0.000000,0.000026
1334,67.264595,0.493900,0.076437,1.578487,10,8,0.464681,0.075072,4.920057
1337,0.000087,0.000001,0.000000,0.000002,10,8,0.000001,0.000000,0.000006
1339,116.194359,0.853174,0.132039,2.692568,10,8,0.802700,0.129681,8.207451
1340,69.060799,0.507089,0.078478,1.620638,10,8,0.477089,0.077077,5.051440
1342,102.242249,0.750729,0.116184,2.369257,10,8,0.706315,0.114110,7.221936
1344,0.042082,0.000309,0.000048,0.000975,10,8,0.000291,0.000047,0.002972
1345,1.377081,0.010111,0.001565,0.031911,10,8,0.009513,0.001537,0.097271
1346,0.002770,0.000020,0.000003,0.000064,10,8,0.000019,0.000003,0.000196
1349,2.898176,0.021280,0.003293,0.067476,10,8,0.020021,0.003235,0.205873
1351,0.331500,0.002434,0.000377,0.007718,10,8,0.002290,0.000370,0.023548
1355,0.001397,0.000010,0.000002,0.000033,10,8,0.000010,0.000002,0.000099
1356,65.744141,0.482736,0.074709,1.542806,10,8,0.454177,0.073375,4.808844
1358,2.731101,0.020054,0.003104,0.064090,10,8,0.018867,0.003048,0.199766
1361,176.577362,1.296545,0.200656,4.081472,10,8,1.219841,0.197073,12.794676
1362,0.543213,0.003989,0.000617,0.012556,10,8,0.003753,0.000606,0.039361
1363,175.316360,1.287286,0.199223,4.052325,10,8,1.211129,0.195666,12.703305
1366,1140.314941,8.372929,1.295812,26.548945,10,8,7.877581,1.272673,81.002723
1367,309.003418,2.268903,0.351140,7.194254,10,8,2.134673,0.344870,21.950180
1372,1.020674,0.007494,0.001160,0.023763,10,8,0.007051,0.001139,0.072504
1373,0.005638,0.000041,0.000006,0.000131,10,8,0.000039,0.000006,0.000401
1375,0.008140,0.000060,0.000009,0.000188,10,8,0.000056,0.000009,0.000590
1378,651.321533,4.782424,0.740138,15.164144,10,8,4.499492,0.726921,46.266883
1381,0.109381,0.000803,0.000124,0.002547,10,8,0.000756,0.000122,0.007770
1389,0.000910,0.000007,0.000001,0.000021,10,8,0.000006,0.000001,0.000065
1393,0.707709,0.005196,0.000804,0.016477,10,8,0.004889,0.000790,0.050272
1395,0.000897,0.000007,0.000001,0.000021,10,8,0.000006,0.000001,0.000064
1398,0.014379,0.000106,0.000016,0.000337,10,8,0.000099,0.000016,0.001052
1400,0.000268,0.000002,0.000000,0.000006,10,8,0.000002,0.000000,0.000019
1411,16.080759,0.118075,0.018274,0.378088,10,8,0.111090,0.017947,1.145743
1412,0.049374,0.000363,0.000056,0.001161,10,8,0.000341,0.000055,0.003518
1418,0.168822,0.001240,0.000192,0.003931,10,8,0.001166,0.000188,0.011992
1421,0.009502,0.000070,0.000011,0.000221,10,8,0.000066,0.000011,0.000675
1428,0.020466,0.000150,0.000023,0.000476,10,8,0.000141,0.000023,0.001454
1430,0.007091,0.000052,0.000008,0.000166,10,8,0.000049,0.000008,0.000519
1431,3.437002,0.025237,0.003906,0.080656,10,8,0.023744,0.003836,0.251399
1434,0.004231,0.000031,0.000005,0.000099,10,8,0.000029,0.000005,0.000310
1436,1.227072,0.009010,0.001394,0.028795,10,8,0.008477,0.001369,0.089754
1439,0.003410,0.000025,0.000004,0.000080,10,8,0.000024,0.000004,0.000249
1450,0.393894,0.002892,0.000448,0.009171,10,8,0.002721,0.000440,0.027980
1466,0.001334,0.000010,0.000002,0.000031,10,8,0.000009,0.000001,0.000098
1497,0.000105,0.000001,0.000000,0.000002,10,8,0.000001,0.000000,0.000008
1505,0.001823,0.000013,0.000002,0.000042,10,8,0.000013,0.000002,0.000130
1652,0.000085,0.000001,0.000000,0.000002,10,8,0.000001,0.000000,0.000006
